0.823, 56.341, 75.921, 12.324, 56.341, 75.568, -18.031, 56.341, 76.501
-65.840, 15.076, 62.989, -47.987, 15.076, 70.434, -69.657, 15.076, 55.084
-69.190, -0.253, 35.818, -69.662, -0.253, 44.418, -68.869, -0.253, 28.341
-67.872, 0.932, 13.865, -68.144, 0.932, 18.789, -67.385, 0.932, 5.030
-61.309, 17.796, -2.741, -64.382, 17.891, 3.592, -58.585, 17.987, -6.003
-46.879, 35.662, -10.989, -51.786, 36.645, -9.025, -42.824, 36.243, -12.490
-33.214, 45.992, -12.919, -35.103, 45.992, -15.426, -28.692, 45.992, -6.920
-54.347, 29.173, 1.045, -49.662, 29.173, -5.679, -60.333, 29.173, 10.464
-62.635, 17.214, 34.568, -64.338, 17.214, 24.834, -61.199, 17.214, 42.777
-55.048, 35.286, 53.884, -62.008, 35.286, 49.301, -44.731, 35.286, 60.677
0.324, 62.092, 59.598, -11.465, 62.092, 59.860, 12.009, 62.092, 59.339
